acc_val,acc_retrain,acc_retrain_val
0.7,90.8834,0.8
0.7666666666666667,90.372,1.4666666666666666
