acc_val,acc_retrain,acc_retrain_val
0.25540865384615385,77.24985013487861,1.4172676282051282
