acc_val,acc_retrain,acc_retrain_val
0.8,91.9642,0.5333333333333333
0.4,92.3244,0.3333333333333333
