acc_val,acc_retrain,acc_retrain_val
78.214,76.623,73.514,70.903,68.634,66.847,65.62,64.228,63.279
0.7333333333333333,1.7,4.333333333333333,6.233333333333333,7.966666666666667,11.1,11.733333333333333,13.0,14.633333333333333
