tot_loss,sin2_loss
3.1015236,0.86993986
3.10004,0.86803097
3.1389933,0.8702636
3.1181488,0.8683413
