acc_val,acc_retrain,acc_retrain_val
0.24549098196392785,66.82592338193513,16.928857715430862
